{"A":[{"name_cn":"阿尔巴尼亚","name_en":"Albania","iso_code":"AL"},{"name_cn":"阿尔及利亚","name_en":"Algeria","iso_code":"DZ"},{"name_cn":"阿富汗","name_en":"Afghanistan","iso_code":"AF"},{"name_cn":"阿根廷","name_en":"Argentina","iso_code":"AR"},{"name_cn":"阿联酋","name_en":"United Arab Emirates (the)","iso_code":"AE"},{"name_cn":"阿鲁巴","name_en":"Aruba","iso_code":"AW"},{"name_cn":"阿曼","name_en":"Oman","iso_code":"OM"},{"name_cn":"阿塞拜疆","name_en":"Azerbaijan","iso_code":"AZ"},{"name_cn":"埃及","name_en":"Egypt","iso_code":"EG"},{"name_cn":"埃塞俄比亚","name_en":"Ethiopia","iso_code":"ET"},{"name_cn":"爱尔兰","name_en":"Ireland","iso_code":"IE"},{"name_cn":"爱沙尼亚","name_en":"Estonia","iso_code":"EE"},{"name_cn":"安道尔","name_en":"Andorra","iso_code":"AD"},{"name_cn":"安哥拉","name_en":"Angola","iso_code":"AO"},{"name_cn":"安圭拉","name_en":"Anguilla","iso_code":"AI"},{"name_cn":"安提瓜和巴布达","name_en":"Antigua and Barbuda","iso_code":"AG"},{"name_cn":"奥地利","name_en":"Austria","iso_code":"AT"},{"name_cn":"奥兰群岛","name_en":"Aland Islands","iso_code":"AX"},{"name_cn":"澳大利亚","name_en":"Australia","iso_code":"AU"}],"B":[{"name_cn":"巴巴多斯","name_en":"Barbados","iso_code":"BB"},{"name_cn":"巴布亚新几内亚","name_en":"Papua New Guinea","iso_code":"PG"},{"name_cn":"巴哈马","name_en":"Bahamas (The)","iso_code":"BS"},{"name_cn":"巴基斯坦","name_en":"Pakistan","iso_code":"PK"},{"name_cn":"巴拉圭","name_en":"Paraguay","iso_code":"PY"},{"name_cn":"巴勒斯坦","name_en":"Palestinian Territory (the Occupied)","iso_code":"PS"},{"name_cn":"巴林","name_en":"Bahrain","iso_code":"BH"},{"name_cn":"巴拿马","name_en":"Panama","iso_code":"PA"},{"name_cn":"巴西","name_en":"Brazil","iso_code":"BR"},{"name_cn":"白俄罗斯","name_en":"Belarus","iso_code":"BY"},{"name_cn":"百慕大","name_en":"Bermuda","iso_code":"BM"},{"name_cn":"秘鲁","name_en":"Peru","iso_code":"PE"},{"name_cn":"保加利亚","name_en":"Bulgaria","iso_code":"BG"},{"name_cn":"北马里亚纳","name_en":"Northern Mariana Islands (the)","iso_code":"MP"},{"name_cn":"贝宁","name_en":"Benin","iso_code":"BJ"},{"name_cn":"比利时","name_en":"Belgium","iso_code":"BE"},{"name_cn":"冰岛","name_en":"Iceland","iso_code":"IS"},{"name_cn":"玻利维亚","name_en":"Bolivia","iso_code":"BO"},{"name_cn":"波多黎各","name_en":"Puerto Rico","iso_code":"PR"},{"name_cn":"波黑","name_en":"Bosnia and Herzegovina","iso_code":"BA"},{"name_cn":"波兰","name_en":"Poland","iso_code":"PL"},{"name_cn":"博茨瓦纳","name_en":"Botswana","iso_code":"BW"},{"name_cn":"伯利兹","name_en":"Belize","iso_code":"BZ"},{"name_cn":"不丹","name_en":"Bhutan","iso_code":"BT"},{"name_cn":"布基纳法索","name_en":"Burkina Faso","iso_code":"BF"},{"name_cn":"布隆迪","name_en":"Burundi","iso_code":"BI"},{"name_cn":"布维岛","name_en":"Bouvet Island","iso_code":"BV"}],"C":[{"name_cn":"朝鲜","name_en":"Korea (the Democratic People\u0027s Republic of)","iso_code":"KP"},{"name_cn":"赤道几内亚","name_en":"Equatorial Guinea","iso_code":"GQ"}],"DEF":[{"name_cn":"丹麦","name_en":"Denmark","iso_code":"DK"},{"name_cn":"德国","name_en":"Germany","iso_code":"DE"},{"name_cn":"东帝汶","name_en":"Timor-Leste","iso_code":"TL"},{"name_cn":"多哥","name_en":"Togo","iso_code":"TG"},{"name_cn":"多米尼加","name_en":"Dominican Republic (the)","iso_code":"DO"},{"name_cn":"多米尼克","name_en":"Dominica","iso_code":"DM"},{"name_cn":"俄罗斯联邦","name_en":"Russian Federation (the)","iso_code":"RU"},{"name_cn":"厄瓜多尔","name_en":"Ecuador","iso_code":"EC"},{"name_cn":"厄立特里亚","name_en":"Eritrea","iso_code":"ER"},{"name_cn":"法国","name_en":"France","iso_code":"FR"},{"name_cn":"法罗群岛","name_en":"Faroe Islands (the)","iso_code":"FO"},{"name_cn":"法属波利尼西亚","name_en":"French Polynesia","iso_code":"PF"},{"name_cn":"法属圭亚那","name_en":"French Guiana","iso_code":"GF"},{"name_cn":"法属南部领地","name_en":"French Southern Territories (the)","iso_code":"TF"},{"name_cn":"菲律宾","name_en":"Philippines (the)","iso_code":"PH"},{"name_cn":"芬兰","name_en":"Finland","iso_code":"FI"},{"name_cn":"梵蒂冈","name_en":"Holy See (the) [Vatican City State]","iso_code":"VA"},{"name_cn":"斐济","name_en":"Fiji","iso_code":"FJ"},{"name_cn":"佛得角","name_en":"Cape Verde","iso_code":"CV"},{"name_cn":"福克兰群岛（马尔维纳斯）","name_en":"Falkland Islands (the) [Malvinas]","iso_code":"FK"}],"GHIJ":[{"name_cn":"冈比亚","name_en":"Gambia (The)","iso_code":"GM"},{"name_cn":"刚果（布）","name_en":"Congo","iso_code":"CG"},{"name_cn":"刚果（金）","name_en":"Congo (the Democratic Republic of the)","iso_code":"CD"},{"name_cn":"哥伦比亚","name_en":"Colombia","iso_code":"CO"},{"name_cn":"哥斯达黎加","name_en":"Costa Rica","iso_code":"CR"},{"name_cn":"格恩西岛","name_en":"Guernsey","iso_code":"GG"},{"name_cn":"格林纳达","name_en":"Grenada","iso_code":"GD"},{"name_cn":"格陵兰","name_en":"Greenland","iso_code":"GL"},{"name_cn":"格鲁吉亚","name_en":"Georgia","iso_code":"GE"},{"name_cn":"古巴","name_en":"Cuba","iso_code":"CU"},{"name_cn":"瓜德罗普","name_en":"Guadeloupe","iso_code":"GP"},{"name_cn":"关岛","name_en":"Guam","iso_code":"GU"},{"name_cn":"圭亚那","name_en":"Guyana","iso_code":"GY"},{"name_cn":"哈萨克斯坦","name_en":"Kazakhstan","iso_code":"KZ"},{"name_cn":"海地","name_en":"Haiti","iso_code":"HT"},{"name_cn":"韩国","name_en":"Korea (the Republic of)","iso_code":"KR"},{"name_cn":"荷兰","name_en":"Netherlands (the)","iso_code":"NL"},{"name_cn":"荷属安的列斯","name_en":"Netherlands Antilles (the)","iso_code":"AN"},{"name_cn":"赫德岛和麦克唐纳岛","name_en":"Heard Island and McDonald Islands","iso_code":"HM"},{"name_cn":"黑山","name_en":"Montenegro","iso_code":"ME"},{"name_cn":"洪都拉斯","name_en":"Honduras","iso_code":"HN"},{"name_cn":"基里巴斯","name_en":"Kiribati","iso_code":"KI"},{"name_cn":"吉布提","name_en":"Djibouti","iso_code":"DJ"},{"name_cn":"吉尔吉斯斯坦","name_en":"Kyrgyzstan","iso_code":"KG"},{"name_cn":"几内亚","name_en":"Guinea","iso_code":"GN"},{"name_cn":"几内亚比绍","name_en":"Guinea-Bissau","iso_code":"GW"},{"name_cn":"加拿大","name_en":"Canada","iso_code":"CA"},{"name_cn":"加纳","name_en":"Ghana","iso_code":"GH"},{"name_cn":"加蓬","name_en":"Gabon","iso_code":"GA"},{"name_cn":"柬埔寨","name_en":"Cambodia","iso_code":"KH"},{"name_cn":"捷克","name_en":"Czech Republic (the)","iso_code":"CZ"},{"name_cn":"津巴布韦","name_en":"Zimbabwe","iso_code":"ZW"}],"KLM":[{"name_cn":"喀麦隆","name_en":"Cameroon","iso_code":"CM"},{"name_cn":"卡塔尔","name_en":"Qatar","iso_code":"QA"},{"name_cn":"开曼群岛","name_en":"Cayman Islands (the)","iso_code":"KY"},{"name_cn":"科科斯（基林）群岛","name_en":"Cocos (Keeling) Islands (the)","iso_code":"CC"},{"name_cn":"科摩罗","name_en":"Comoros","iso_code":"KM"},{"name_cn":"科特迪瓦","name_en":"Côte d\u0027Ivoire","iso_code":"CI"},{"name_cn":"科威特","name_en":"Kuwait","iso_code":"KW"},{"name_cn":"克罗地亚","name_en":"Croatia","iso_code":"HR"},{"name_cn":"肯尼亚","name_en":"Kenya","iso_code":"KE"},{"name_cn":"库克群岛","name_en":"Cook Islands (the)","iso_code":"CK"},{"name_cn":"拉脱维亚","name_en":"Latvia","iso_code":"LV"},{"name_cn":"莱索托","name_en":"Lesotho","iso_code":"LS"},{"name_cn":"老挝","name_en":"Lao People\u0027s Democratic Republic (the)","iso_code":"LA"},{"name_cn":"黎巴嫩","name_en":"Lebanon","iso_code":"LB"},{"name_cn":"利比里亚","name_en":"Liberia","iso_code":"LR"},{"name_cn":"利比亚","name_en":"Libyan Arab Jamahiriya (the)","iso_code":"LY"},{"name_cn":"立陶宛","name_en":"Lithuania","iso_code":"LT"},{"name_cn":"列支敦士登","name_en":"Liechtenstein","iso_code":"LI"},{"name_cn":"留尼汪","name_en":"Réunion","iso_code":"RE"},{"name_cn":"卢森堡","name_en":"Luxembourg","iso_code":"LU"},{"name_cn":"卢旺达","name_en":"Rwanda","iso_code":"RW"},{"name_cn":"罗马尼亚","name_en":"Romania","iso_code":"RO"},{"name_cn":"马达加斯加","name_en":"Madagascar","iso_code":"MG"},{"name_cn":"马耳他","name_en":"Malta","iso_code":"MT"},{"name_cn":"马尔代夫","name_en":"Maldives","iso_code":"MV"},{"name_cn":"马拉维","name_en":"Malawi","iso_code":"MW"},{"name_cn":"马来西亚","name_en":"Malaysia","iso_code":"MY"},{"name_cn":"马里","name_en":"Mali","iso_code":"ML"},{"name_cn":"马绍尔群岛","name_en":"Marshall Islands (the)","iso_code":"MH"},{"name_cn":"马提尼克","name_en":"Martinique","iso_code":"MQ"},{"name_cn":"马约特","name_en":"Mayotte","iso_code":"YT"},{"name_cn":"毛里求斯","name_en":"Mauritius","iso_code":"MU"},{"name_cn":"毛里塔尼亚","name_en":"Mauritania","iso_code":"MR"},{"name_cn":"美国","name_en":"United States (the)","iso_code":"US"},{"name_cn":"美国本土外小岛屿","name_en":"United States Minor Outlying Islands (the)","iso_code":"UM"},{"name_cn":"美属萨摩亚","name_en":"American Samoa","iso_code":"AS"},{"name_cn":"美属维尔京群岛","name_en":"Virgin Islands (U.S.)","iso_code":"VI"},{"name_cn":"蒙古","name_en":"Mongolia","iso_code":"MN"},{"name_cn":"蒙特塞拉特","name_en":"Montserrat","iso_code":"MS"},{"name_cn":"孟加拉国","name_en":"Bangladesh","iso_code":"BD"},{"name_cn":"密克罗尼西亚联邦","name_en":"Micronesia (the Federated States of)","iso_code":"FM"},{"name_cn":"缅甸","name_en":"Myanmar","iso_code":"MM"},{"name_cn":"摩尔多瓦","name_en":"Moldova (the Republic of)","iso_code":"MD"},{"name_cn":"摩洛哥","name_en":"Morocco","iso_code":"MA"},{"name_cn":"摩纳哥","name_en":"Monaco","iso_code":"MC"},{"name_cn":"莫桑比克","name_en":"Mozambique","iso_code":"MZ"},{"name_cn":"墨西哥","name_en":"Mexico","iso_code":"MX"}],"NOP":[{"name_cn":"纳米比亚","name_en":"Namibia","iso_code":"NA"},{"name_cn":"南非","name_en":"South Africa","iso_code":"ZA"},{"name_cn":"南极洲","name_en":"Antarctica","iso_code":"AQ"},{"name_cn":"南乔治亚岛和南桑德韦奇岛","name_en":"South Georgia and the South Sandwich Islands","iso_code":"GS"},{"name_cn":"瑙鲁","name_en":"Nauru","iso_code":"NR"},{"name_cn":"尼泊尔","name_en":"Nepal","iso_code":"NP"},{"name_cn":"尼加拉瓜","name_en":"Nicaragua","iso_code":"NI"},{"name_cn":"尼日尔","name_en":"Niger (the)","iso_code":"NE"},{"name_cn":"尼日利亚","name_en":"Nigeria","iso_code":"NG"},{"name_cn":"纽埃","name_en":"Niue","iso_code":"NU"},{"name_cn":"挪威","name_en":"Norway","iso_code":"NO"},{"name_cn":"诺福克岛","name_en":"Norfolk Island","iso_code":"NF"},{"name_cn":"帕劳","name_en":"Palau","iso_code":"PW"},{"name_cn":"皮特凯恩","name_en":"Pitcairn","iso_code":"PN"},{"name_cn":"葡萄牙","name_en":"Portugal","iso_code":"PT"}],"QRS":[{"name_cn":"前南马其顿","name_en":"Macedonia (the former Yugoslav Republic of)","iso_code":"MK"},{"name_cn":"日本","name_en":"Japan","iso_code":"JP"},{"name_cn":"瑞典","name_en":"Sweden","iso_code":"SE"},{"name_cn":"瑞士","name_en":"Switzerland","iso_code":"CH"},{"name_cn":"萨尔瓦多","name_en":"El Salvador","iso_code":"SV"},{"name_cn":"萨摩亚","name_en":"Samoa","iso_code":"WS"},{"name_cn":"塞尔维亚","name_en":"Serbia","iso_code":"RS"},{"name_cn":"塞拉利昂","name_en":"Sierra Leone","iso_code":"SL"},{"name_cn":"塞内加尔","name_en":"Senegal","iso_code":"SN"},{"name_cn":"塞浦路斯","name_en":"Cyprus","iso_code":"CY"},{"name_cn":"塞舌尔","name_en":"Seychelles","iso_code":"SC"},{"name_cn":"沙特阿拉伯","name_en":"Saudi Arabia","iso_code":"SA"},{"name_cn":"圣诞岛","name_en":"Christmas Island","iso_code":"CX"},{"name_cn":"圣多美和普林西比","name_en":"Sao Tome and Principe","iso_code":"ST"},{"name_cn":"圣赫勒拿","name_en":"Saint Helena","iso_code":"SH"},{"name_cn":"圣基茨和尼维斯","name_en":"Saint Kitts and Nevis","iso_code":"KN"},{"name_cn":"圣卢西亚","name_en":"Saint Lucia","iso_code":"LC"},{"name_cn":"圣马力诺","name_en":"San Marino","iso_code":"SM"},{"name_cn":"圣皮埃尔和密克隆","name_en":"Saint Pierre and Miquelon","iso_code":"PM"},{"name_cn":"圣文森特和格林纳丁斯","name_en":"Saint Vincent and the Grenadines","iso_code":"VC"},{"name_cn":"斯里兰卡","name_en":"Sri Lanka","iso_code":"LK"},{"name_cn":"斯洛伐克","name_en":"Slovakia","iso_code":"SK"},{"name_cn":"斯洛文尼亚","name_en":"Slovenia","iso_code":"SI"},{"name_cn":"斯瓦尔巴岛和扬马延岛","name_en":"Svalbard and Jan Mayen","iso_code":"SJ"},{"name_cn":"斯威士兰","name_en":"Swaziland","iso_code":"SZ"},{"name_cn":"苏丹","name_en":"Sudan (the)","iso_code":"SD"},{"name_cn":"苏里南","name_en":"Suriname","iso_code":"SR"},{"name_cn":"索马里","name_en":"Somalia","iso_code":"SO"},{"name_cn":"所罗门群岛","name_en":"Solomon Islands (the)","iso_code":"SB"}],"TUV":[{"name_cn":"塔吉克斯坦","name_en":"Tajikistan","iso_code":"TJ"},{"name_cn":"泰国","name_en":"Thailand","iso_code":"TH"},{"name_cn":"坦桑尼亚","name_en":"Tanzania,United Republic of","iso_code":"TZ"},{"name_cn":"汤加","name_en":"Tonga","iso_code":"TO"},{"name_cn":"特克斯和凯科斯群岛","name_en":"Turks and Caicos Islands (the)","iso_code":"TC"},{"name_cn":"特立尼达和多巴哥","name_en":"Trinidad and Tobago","iso_code":"TT"},{"name_cn":"突尼斯","name_en":"Tunisia","iso_code":"TN"},{"name_cn":"图瓦卢","name_en":"Tuvalu","iso_code":"TV"},{"name_cn":"土耳其","name_en":"Turkey","iso_code":"TR"},{"name_cn":"土库曼斯坦","name_en":"Turkmenistan","iso_code":"TM"},{"name_cn":"托克劳","name_en":"Tokelau","iso_code":"TK"}],"WXYZ":[{"name_cn":"瓦利斯和富图纳","name_en":"Wallis and Futuna","iso_code":"WF"},{"name_cn":"瓦努阿图","name_en":"Vanuatu","iso_code":"VU"},{"name_cn":"危地马拉","name_en":"Guatemala","iso_code":"GT"},{"name_cn":"委内瑞拉","name_en":"Venezuela","iso_code":"VE"},{"name_cn":"文莱","name_en":"Brunei Darussalam","iso_code":"BN"},{"name_cn":"乌干达","name_en":"Uganda","iso_code":"UG"},{"name_cn":"乌克兰","name_en":"Ukraine","iso_code":"UA"},{"name_cn":"乌拉圭","name_en":"Uruguay","iso_code":"UY"},{"name_cn":"乌兹别克斯坦","name_en":"Uzbekistan","iso_code":"UZ"},{"name_cn":"西班牙","name_en":"Spain","iso_code":"ES"},{"name_cn":"西撒哈拉","name_en":"Western Sahara","iso_code":"EH"},{"name_cn":"希腊","name_en":"Greece","iso_code":"GR"},{"name_cn":"新加坡","name_en":"Singapore","iso_code":"SG"},{"name_cn":"新喀里多尼亚","name_en":"New Caledonia","iso_code":"NC"},{"name_cn":"新西兰","name_en":"New Zealand","iso_code":"NZ"},{"name_cn":"匈牙利","name_en":"Hungary","iso_code":"HU"},{"name_cn":"叙利亚","name_en":"Syrian Arab Republic (the)","iso_code":"SY"},{"name_cn":"牙买加","name_en":"Jamaica","iso_code":"JM"},{"name_cn":"亚美尼亚","name_en":"Armenia","iso_code":"AM"},{"name_cn":"也门","name_en":"Yemen","iso_code":"YE"},{"name_cn":"伊拉克","name_en":"Iraq","iso_code":"IQ"},{"name_cn":"伊朗","name_en":"Iran (the Islamic Republic of)","iso_code":"IR"},{"name_cn":"以色列","name_en":"Israel","iso_code":"IL"},{"name_cn":"意大利","name_en":"Italy","iso_code":"IT"},{"name_cn":"印度","name_en":"India","iso_code":"IN"},{"name_cn":"印度尼西亚","name_en":"Indonesia","iso_code":"ID"},{"name_cn":"英国","name_en":"United Kingdom (the)","iso_code":"GB"},{"name_cn":"英国属地曼岛","name_en":"Isle of Man","iso_code":"IM"},{"name_cn":"英属维尔京群岛","name_en":"Virgin Islands (British)","iso_code":"VG"},{"name_cn":"英属印度洋领地","name_en":"British Indian Ocean Territory (the)","iso_code":"IO"},{"name_cn":"约旦","name_en":"Jordan","iso_code":"JO"},{"name_cn":"越南","name_en":"Viet Nam","iso_code":"VN"},{"name_cn":"赞比亚","name_en":"Zambia","iso_code":"ZM"},{"name_cn":"泽西岛","name_en":"Jersey","iso_code":"JE"},{"name_cn":"乍得","name_en":"Chad","iso_code":"TD"},{"name_cn":"直布罗陀","name_en":"Gibraltar","iso_code":"GI"},{"name_cn":"智利","name_en":"Chile","iso_code":"CL"},{"name_cn":"中非","name_en":"Central African Republic (the)","iso_code":"CF"},{"name_cn":"中国","name_en":"China","iso_code":"CN"},{"name_cn":"中国澳门","name_en":"Macao","iso_code":"MO"},{"name_cn":"中国台湾","name_en":"Taiwan (Province of China)","iso_code":"TW"},{"name_cn":"中国香港","name_en":"Hong Kong","iso_code":"HK"}]}