{
    "nextId": 10,
    "moduleName": "HTTP方法检测",
    "rules": [
        {
            "id": 1,
            "state": "off",
            "action": "DENY",
            "rule": "GET",
            "attackType": "unsafe_method",
            "severityLevel": "high"
        },
        {
            "id": 2,
            "state": "off",
            "action": "DENY",
            "rule": "POST",
            "attackType": "unsafe_method",
            "severityLevel": "high"
        },
        {
            "id": 3,
            "state": "off",
            "action": "DENY",
            "rule": "HEAD",
            "attackType": "unsafe_method",
            "severityLevel": "high"
        },
        {
            "id": 4,
            "state": "off",
            "action": "DENY",
            "rule": "PUT",
            "attackType": "unsafe_method",
            "severityLevel": "high"
        },
        {
            "id": 5,
            "state": "off",
            "action": "DENY",
            "rule": "DELETE",
            "attackType": "unsafe_method",
            "severityLevel": "high"
        },
        {
            "id": 6,
            "state": "off",
            "action": "DENY",
            "rule": "CONNECT",
            "attackType": "unsafe_method",
            "severityLevel": "high"
        },
        {
            "id": 7,
            "state": "off",
            "action": "DENY",
            "rule": "OPTIONS",
            "attackType": "unsafe_method",
            "severityLevel": "high"
        },
        {
            "id": 8,
            "state": "off",
            "action": "DENY",
            "rule": "TRACE",
            "attackType": "unsafe_method",
            "severityLevel": "high"
        },
        {
            "id": 9,
            "state": "off",
            "action": "DENY",
            "rule": "PATCH",
            "attackType": "unsafe_method",
            "severityLevel": "high"
        }
    ]
}