{
    "nextId": 20,
    "moduleName": "Post检测",
    "rules": [
        {
            "id": 1,
            "state": "on",
            "action": "deny",
            "rule": "select.+(from|limit)",
            "attackType": "sqli",
            "severityLevel": "high"
        },
        {
            "id": 2,
            "state": "on",
            "action": "deny",
            "rule": "(?:(union(.*?)select))",
            "attackType": "sqli",
            "severityLevel": "high"
        },
        {
            "id": 3,
            "state": "on",
            "action": "deny",
            "rule": "having|rongjitest",
            "attackType": "sqli",
            "severityLevel": "high"
        },
        {
            "id": 4,
            "state": "on",
            "action": "deny",
            "rule": "sleep\\((\\s*)(\\d*)(\\s*)\\)",
            "attackType": "sqli",
            "severityLevel": "high"
        },
        {
            "id": 5,
            "state": "on",
            "action": "deny",
            "rule": "benchmark\\((.*)\\,(.*)\\)",
            "attackType": "sqli",
            "severityLevel": "high"
        },
        {
            "id": 6,
            "state": "on",
            "action": "deny",
            "rule": "base64_decode\\(",
            "attackType": "sqli",
            "severityLevel": "medium"
        },
        {
            "id": 7,
            "state": "on",
            "action": "deny",
            "rule": "(?:from\\W+information_schema\\W)",
            "attackType": "sqli",
            "severityLevel": "high"
        },
        {
            "id": 8,
            "state": "on",
            "action": "deny",
            "rule": "(?:(?:current_)user|database|schema|connection_id)\\s*\\(",
            "attackType": "sqli",
            "severityLevel": "high"
        },
        {
            "id": 9,
            "state": "on",
            "action": "deny",
            "rule": "(?:etc\\/\\W*passwd)",
            "attackType": "directory_traversal",
            "severityLevel": "critical"
        },
        {
            "id": 10,
            "state": "on",
            "action": "deny",
            "rule": "into(\\s+)+(?:dump|out)file\\s*",
            "attackType": "sqli",
            "severityLevel": "high"
        },
        {
            "id": 11,
            "state": "on",
            "action": "deny",
            "rule": "group\\s+by.+\\(",
            "attackType": "sqli",
            "severityLevel": "high"
        },
        {
            "id": 12,
            "state": "on",
            "action": "deny",
            "rule": "(?:define|eval|file_get_contents|include|require|require_once|shell_exec|phpinfo|system|passthru|preg_\\w+|execute|echo|print|print_r|var_dump|(fp)open|alert|showmodaldialog)\\(",
            "attackType": "rce",
            "severityLevel": "high"
        },
        {
            "id": 13,
            "state": "on",
            "action": "deny",
            "rule": "xwork.MethodAccessor",
            "attackType": "rce",
            "severityLevel": "high"
        },
        {
            "id": 14,
            "state": "on",
            "action": "deny",
            "rule": "xwork\\.MethodAccessor",
            "attackType": "rce",
            "severityLevel": "high"
        },
        {
            "id": 15,
            "state": "on",
            "action": "deny",
            "rule": "java\\.lang",
            "attackType": "rce",
            "severityLevel": "high"
        },
        {
            "id": 16,
            "state": "on",
            "action": "deny",
            "rule": "(gopher|doc|php|glob|file|phar|zlib|ftp|ldap|dict|ogg|data)\\:\\/",
            "attackType": "rce",
            "severityLevel": "low"
        },
        {
            "id": 17,
            "state": "on",
            "action": "deny",
            "rule": "\\$_(GET|post|cookie|files|session|env|phplib|GLOBALS|SERVER)\\[",
            "attackType": "codei",
            "severityLevel": "medium"
        },
        {
            "id": 18,
            "state": "on",
            "action": "deny",
            "rule": "\\<(iframe|script|body|img|layer|div|meta|style|base|object|input)",
            "attackType": "xss",
            "severityLevel": "low"
        },
        {
            "id": 19,
            "state": "on",
            "action": "deny",
            "rule": "(onmouseover|onerror|onload)\\=",
            "attackType": "xss",
            "severityLevel": "low"
        }
    ]
}