{
    "moduleName": "敏感数据过滤",
    "nextId": 5,
    "rules": [
        {
            "id": 1,
            "state": "off",
            "description": "身份证号码",
            "action": "coding",
            "rule": "[1-9]\\d{5}(?:18|19|20)\\d{2}(?:0[1-9]|10|11|12)(?:0[1-9]|[1-2]\\d|30|31)\\d{3}[\\dXx]",
            "codingRange": "4,-1"
        },
        {
            "id": 2,
            "state": "off",
            "description": "手机号码",
            "action": "coding",
            "rule": "(?:(?:\\+|00)86)?1(?:(?:3[\\d])|(?:4[5-79])|(?:5[0-35-9])|(?:6[5-7])|(?:7[0-8])|(?:8[\\d])|(?:9[189]))\\d{8}(?:$|\\D)",
            "codingRange": "4,7"
        },
        {
            "id": 3,
            "state": "off",
            "description": "银行卡号",
            "action": "coding",
            "rule": "[1-9](?:\\d{15}|\\d{16}|\\d{18})(?:$|\\D)",
            "codingRange": "5,-5"
        },
        {
            "id": 4,
            "state": "off",
            "description": "密码",
            "action": "coding",
            "rule": "(?:password|passwd)\"\\s*[:=]\\s*\"(\\S+?)(?<!\\\\)\"",
            "codingRange": "$1"
        }
    ]
}